ada,,'~\b,\b~',"'~\bada\b~',"
adalah,,",",,"'~\badalah\b~',"
adanya,,,,"'~\badanya\b~',"
adapun,,,,"'~\badapun\b~',"
agak,,,,"'~\bagak\b~',"
agaknya,,,,"'~\bagaknya\b~',"
agar,,,,"'~\bagar\b~',"
akan,,,,"'~\bakan\b~',"
akankah,,,,"'~\bakankah\b~',"
akhir,,,,"'~\bakhir\b~',"
akhiri,,,,"'~\bakhiri\b~',"
akhirnya,,,,"'~\bakhirnya\b~',"
aku,,,,"'~\baku\b~',"
akulah,,,,"'~\bakulah\b~',"
amat,,,,"'~\bamat\b~',"
amatlah,,,,"'~\bamatlah\b~',"
anda,,,,"'~\banda\b~',"
andalah,,,,"'~\bandalah\b~',"
antar,,,,"'~\bantar\b~',"
antara,,,,"'~\bantara\b~',"
antaranya,,,,"'~\bantaranya\b~',"
apa,,,,"'~\bapa\b~',"
apaan,,,,"'~\bapaan\b~',"
apabila,,,,"'~\bapabila\b~',"
apakah,,,,"'~\bapakah\b~',"
apalagi,,,,"'~\bapalagi\b~',"
apatah,,,,"'~\bapatah\b~',"
artinya,,,,"'~\bartinya\b~',"
asal,,,,"'~\basal\b~',"
asalkan,,,,"'~\basalkan\b~',"
atas,,,,"'~\batas\b~',"
atau,,,,"'~\batau\b~',"
ataukah,,,,"'~\bataukah\b~',"
ataupun,,,,"'~\bataupun\b~',"
awal,,,,"'~\bawal\b~',"
awalnya,,,,"'~\bawalnya\b~',"
bagai,,,,"'~\bbagai\b~',"
bagaikan,,,,"'~\bbagaikan\b~',"
bagaimana,,,,"'~\bbagaimana\b~',"
bagaimanakah,,,,"'~\bbagaimanakah\b~',"
bagaimanapun,,,,"'~\bbagaimanapun\b~',"
bagi,,,,"'~\bbagi\b~',"
bagian,,,,"'~\bbagian\b~',"
bahkan,,,,"'~\bbahkan\b~',"
bahwa,,,,"'~\bbahwa\b~',"
bahwasanya,,,,"'~\bbahwasanya\b~',"
baik,,,,"'~\bbaik\b~',"
bakal,,,,"'~\bbakal\b~',"
bakalan,,,,"'~\bbakalan\b~',"
balik,,,,"'~\bbalik\b~',"
banyak,,,,"'~\bbanyak\b~',"
bapak,,,,"'~\bbapak\b~',"
baru,,,,"'~\bbaru\b~',"
bawah,,,,"'~\bbawah\b~',"
beberapa,,,,"'~\bbeberapa\b~',"
begini,,,,"'~\bbegini\b~',"
beginian,,,,"'~\bbeginian\b~',"
beginikah,,,,"'~\bbeginikah\b~',"
beginilah,,,,"'~\bbeginilah\b~',"
begitu,,,,"'~\bbegitu\b~',"
begitukah,,,,"'~\bbegitukah\b~',"
begitulah,,,,"'~\bbegitulah\b~',"
begitupun,,,,"'~\bbegitupun\b~',"
bekerja,,,,"'~\bbekerja\b~',"
belakang,,,,"'~\bbelakang\b~',"
belakangan,,,,"'~\bbelakangan\b~',"
belum,,,,"'~\bbelum\b~',"
belumlah,,,,"'~\bbelumlah\b~',"
benar,,,,"'~\bbenar\b~',"
benarkah,,,,"'~\bbenarkah\b~',"
benarlah,,,,"'~\bbenarlah\b~',"
berada,,,,"'~\bberada\b~',"
berakhir,,,,"'~\bberakhir\b~',"
berakhirlah,,,,"'~\bberakhirlah\b~',"
berakhirnya,,,,"'~\bberakhirnya\b~',"
berapa,,,,"'~\bberapa\b~',"
berapakah,,,,"'~\bberapakah\b~',"
berapalah,,,,"'~\bberapalah\b~',"
berapapun,,,,"'~\bberapapun\b~',"
berarti,,,,"'~\bberarti\b~',"
berawal,,,,"'~\bberawal\b~',"
berbagai,,,,"'~\bberbagai\b~',"
berdatangan,,,,"'~\bberdatangan\b~',"
beri,,,,"'~\bberi\b~',"
berikan,,,,"'~\bberikan\b~',"
berikut,,,,"'~\bberikut\b~',"
berikutnya,,,,"'~\bberikutnya\b~',"
berjumlah,,,,"'~\bberjumlah\b~',"
berkali-kali,,,,"'~\bberkali-kali\b~',"
berkata,,,,"'~\bberkata\b~',"
berkehendak,,,,"'~\bberkehendak\b~',"
berkeinginan,,,,"'~\bberkeinginan\b~',"
berkenaan,,,,"'~\bberkenaan\b~',"
berlainan,,,,"'~\bberlainan\b~',"
berlalu,,,,"'~\bberlalu\b~',"
berlangsung,,,,"'~\bberlangsung\b~',"
berlebihan,,,,"'~\bberlebihan\b~',"
bermacam,,,,"'~\bbermacam\b~',"
bermacam-macam,,,,"'~\bbermacam-macam\b~',"
bermaksud,,,,"'~\bbermaksud\b~',"
bermula,,,,"'~\bbermula\b~',"
bersama,,,,"'~\bbersama\b~',"
bersama-sama,,,,"'~\bbersama-sama\b~',"
bersiap,,,,"'~\bbersiap\b~',"
bersiap-siap,,,,"'~\bbersiap-siap\b~',"
bertanya,,,,"'~\bbertanya\b~',"
bertanya-tanya,,,,"'~\bbertanya-tanya\b~',"
berturut,,,,"'~\bberturut\b~',"
berturut-turut,,,,"'~\bberturut-turut\b~',"
bertutur,,,,"'~\bbertutur\b~',"
berujar,,,,"'~\bberujar\b~',"
berupa,,,,"'~\bberupa\b~',"
besar,,,,"'~\bbesar\b~',"
betul,,,,"'~\bbetul\b~',"
betulkah,,,,"'~\bbetulkah\b~',"
biasa,,,,"'~\bbiasa\b~',"
biasanya,,,,"'~\bbiasanya\b~',"
bila,,,,"'~\bbila\b~',"
bilakah,,,,"'~\bbilakah\b~',"
bisa,,,,"'~\bbisa\b~',"
bisakah,,,,"'~\bbisakah\b~',"
boleh,,,,"'~\bboleh\b~',"
bolehkah,,,,"'~\bbolehkah\b~',"
bolehlah,,,,"'~\bbolehlah\b~',"
buat,,,,"'~\bbuat\b~',"
bukan,,,,"'~\bbukan\b~',"
bukankah,,,,"'~\bbukankah\b~',"
bukanlah,,,,"'~\bbukanlah\b~',"
bukannya,,,,"'~\bbukannya\b~',"
bulan,,,,"'~\bbulan\b~',"
bung,,,,"'~\bbung\b~',"
cara,,,,"'~\bcara\b~',"
caranya,,,,"'~\bcaranya\b~',"
cukup,,,,"'~\bcukup\b~',"
cukupkah,,,,"'~\bcukupkah\b~',"
cukuplah,,,,"'~\bcukuplah\b~',"
cuma,,,,"'~\bcuma\b~',"
dahulu,,,,"'~\bdahulu\b~',"
dalam,,,,"'~\bdalam\b~',"
dan,,,,"'~\bdan\b~',"
dapat,,,,"'~\bdapat\b~',"
dari,,,,"'~\bdari\b~',"
daripada,,,,"'~\bdaripada\b~',"
datang,,,,"'~\bdatang\b~',"
dekat,,,,"'~\bdekat\b~',"
demi,,,,"'~\bdemi\b~',"
demikian,,,,"'~\bdemikian\b~',"
demikianlah,,,,"'~\bdemikianlah\b~',"
dengan,,,,"'~\bdengan\b~',"
depan,,,,"'~\bdepan\b~',"
di,,,,"'~\bdi\b~',"
dia,,,,"'~\bdia\b~',"
diakhiri,,,,"'~\bdiakhiri\b~',"
diakhirinya,,,,"'~\bdiakhirinya\b~',"
dialah,,,,"'~\bdialah\b~',"
diantara,,,,"'~\bdiantara\b~',"
diantaranya,,,,"'~\bdiantaranya\b~',"
diberi,,,,"'~\bdiberi\b~',"
diberikan,,,,"'~\bdiberikan\b~',"
diberikannya,,,,"'~\bdiberikannya\b~',"
dibuat,,,,"'~\bdibuat\b~',"
dibuatnya,,,,"'~\bdibuatnya\b~',"
didapat,,,,"'~\bdidapat\b~',"
didatangkan,,,,"'~\bdidatangkan\b~',"
digunakan,,,,"'~\bdigunakan\b~',"
diibaratkan,,,,"'~\bdiibaratkan\b~',"
diibaratkannya,,,,"'~\bdiibaratkannya\b~',"
diingat,,,,"'~\bdiingat\b~',"
diingatkan,,,,"'~\bdiingatkan\b~',"
diinginkan,,,,"'~\bdiinginkan\b~',"
dijawab,,,,"'~\bdijawab\b~',"
dijelaskan,,,,"'~\bdijelaskan\b~',"
dijelaskannya,,,,"'~\bdijelaskannya\b~',"
dikarenakan,,,,"'~\bdikarenakan\b~',"
dikatakan,,,,"'~\bdikatakan\b~',"
dikatakannya,,,,"'~\bdikatakannya\b~',"
dikerjakan,,,,"'~\bdikerjakan\b~',"
diketahui,,,,"'~\bdiketahui\b~',"
diketahuinya,,,,"'~\bdiketahuinya\b~',"
dikira,,,,"'~\bdikira\b~',"
dilakukan,,,,"'~\bdilakukan\b~',"
dilalui,,,,"'~\bdilalui\b~',"
dilihat,,,,"'~\bdilihat\b~',"
dimaksud,,,,"'~\bdimaksud\b~',"
dimaksudkan,,,,"'~\bdimaksudkan\b~',"
dimaksudkannya,,,,"'~\bdimaksudkannya\b~',"
dimaksudnya,,,,"'~\bdimaksudnya\b~',"
diminta,,,,"'~\bdiminta\b~',"
dimintai,,,,"'~\bdimintai\b~',"
dimisalkan,,,,"'~\bdimisalkan\b~',"
dimulai,,,,"'~\bdimulai\b~',"
dimulailah,,,,"'~\bdimulailah\b~',"
dimulainya,,,,"'~\bdimulainya\b~',"
dimungkinkan,,,,"'~\bdimungkinkan\b~',"
dini,,,,"'~\bdini\b~',"
dipastikan,,,,"'~\bdipastikan\b~',"
diperbuat,,,,"'~\bdiperbuat\b~',"
diperbuatnya,,,,"'~\bdiperbuatnya\b~',"
dipergunakan,,,,"'~\bdipergunakan\b~',"
diperkirakan,,,,"'~\bdiperkirakan\b~',"
diperlihatkan,,,,"'~\bdiperlihatkan\b~',"
diperlukan,,,,"'~\bdiperlukan\b~',"
diperlukannya,,,,"'~\bdiperlukannya\b~',"
dipersoalkan,,,,"'~\bdipersoalkan\b~',"
dipertanyakan,,,,"'~\bdipertanyakan\b~',"
dipunyai,,,,"'~\bdipunyai\b~',"
diri,,,,"'~\bdiri\b~',"
dirinya,,,,"'~\bdirinya\b~',"
disampaikan,,,,"'~\bdisampaikan\b~',"
disebut,,,,"'~\bdisebut\b~',"
disebutkan,,,,"'~\bdisebutkan\b~',"
disebutkannya,,,,"'~\bdisebutkannya\b~',"
disini,,,,"'~\bdisini\b~',"
disinilah,,,,"'~\bdisinilah\b~',"
ditambahkan,,,,"'~\bditambahkan\b~',"
ditandaskan,,,,"'~\bditandaskan\b~',"
ditanya,,,,"'~\bditanya\b~',"
ditanyai,,,,"'~\bditanyai\b~',"
ditanyakan,,,,"'~\bditanyakan\b~',"
ditegaskan,,,,"'~\bditegaskan\b~',"
ditujukan,,,,"'~\bditujukan\b~',"
ditunjuk,,,,"'~\bditunjuk\b~',"
ditunjuki,,,,"'~\bditunjuki\b~',"
ditunjukkan,,,,"'~\bditunjukkan\b~',"
ditunjukkannya,,,,"'~\bditunjukkannya\b~',"
ditunjuknya,,,,"'~\bditunjuknya\b~',"
dituturkan,,,,"'~\bdituturkan\b~',"
dituturkannya,,,,"'~\bdituturkannya\b~',"
diucapkan,,,,"'~\bdiucapkan\b~',"
diucapkannya,,,,"'~\bdiucapkannya\b~',"
diungkapkan,,,,"'~\bdiungkapkan\b~',"
dong,,,,"'~\bdong\b~',"
dua,,,,"'~\bdua\b~',"
dulu,,,,"'~\bdulu\b~',"
empat,,,,"'~\bempat\b~',"
enggak,,,,"'~\benggak\b~',"
enggaknya,,,,"'~\benggaknya\b~',"
entah,,,,"'~\bentah\b~',"
entahlah,,,,"'~\bentahlah\b~',"
guna,,,,"'~\bguna\b~',"
gunakan,,,,"'~\bgunakan\b~',"
hal,,,,"'~\bhal\b~',"
hampir,,,,"'~\bhampir\b~',"
hanya,,,,"'~\bhanya\b~',"
hanyalah,,,,"'~\bhanyalah\b~',"
hari,,,,"'~\bhari\b~',"
harus,,,,"'~\bharus\b~',"
haruslah,,,,"'~\bharuslah\b~',"
harusnya,,,,"'~\bharusnya\b~',"
hendak,,,,"'~\bhendak\b~',"
hendaklah,,,,"'~\bhendaklah\b~',"
hendaknya,,,,"'~\bhendaknya\b~',"
hingga,,,,"'~\bhingga\b~',"
ia,,,,"'~\bia\b~',"
ialah,,,,"'~\bialah\b~',"
ibarat,,,,"'~\bibarat\b~',"
ibaratkan,,,,"'~\bibaratkan\b~',"
ibaratnya,,,,"'~\bibaratnya\b~',"
ibu,,,,"'~\bibu\b~',"
ikut,,,,"'~\bikut\b~',"
ingat,,,,"'~\bingat\b~',"
ingat-ingat,,,,"'~\bingat-ingat\b~',"
ingin,,,,"'~\bingin\b~',"
inginkah,,,,"'~\binginkah\b~',"
inginkan,,,,"'~\binginkan\b~',"
ini,,,,"'~\bini\b~',"
inikah,,,,"'~\binikah\b~',"
inilah,,,,"'~\binilah\b~',"
itu,,,,"'~\bitu\b~',"
itukah,,,,"'~\bitukah\b~',"
itulah,,,,"'~\bitulah\b~',"
jadi,,,,"'~\bjadi\b~',"
jadilah,,,,"'~\bjadilah\b~',"
jadinya,,,,"'~\bjadinya\b~',"
jangan,,,,"'~\bjangan\b~',"
jangankan,,,,"'~\bjangankan\b~',"
janganlah,,,,"'~\bjanganlah\b~',"
jauh,,,,"'~\bjauh\b~',"
jawab,,,,"'~\bjawab\b~',"
jawaban,,,,"'~\bjawaban\b~',"
jawabnya,,,,"'~\bjawabnya\b~',"
jelas,,,,"'~\bjelas\b~',"
jelaskan,,,,"'~\bjelaskan\b~',"
jelaslah,,,,"'~\bjelaslah\b~',"
jelasnya,,,,"'~\bjelasnya\b~',"
jika,,,,"'~\bjika\b~',"
jikalau,,,,"'~\bjikalau\b~',"
juga,,,,"'~\bjuga\b~',"
jumlah,,,,"'~\bjumlah\b~',"
jumlahnya,,,,"'~\bjumlahnya\b~',"
justru,,,,"'~\bjustru\b~',"
kala,,,,"'~\bkala\b~',"
kalau,,,,"'~\bkalau\b~',"
kalaulah,,,,"'~\bkalaulah\b~',"
kalaupun,,,,"'~\bkalaupun\b~',"
kalian,,,,"'~\bkalian\b~',"
kami,,,,"'~\bkami\b~',"
kamilah,,,,"'~\bkamilah\b~',"
kamu,,,,"'~\bkamu\b~',"
kamulah,,,,"'~\bkamulah\b~',"
kan,,,,"'~\bkan\b~',"
kapan,,,,"'~\bkapan\b~',"
kapankah,,,,"'~\bkapankah\b~',"
kapanpun,,,,"'~\bkapanpun\b~',"
karena,,,,"'~\bkarena\b~',"
karenanya,,,,"'~\bkarenanya\b~',"
kasus,,,,"'~\bkasus\b~',"
kata,,,,"'~\bkata\b~',"
katakan,,,,"'~\bkatakan\b~',"
katakanlah,,,,"'~\bkatakanlah\b~',"
katanya,,,,"'~\bkatanya\b~',"
ke,,,,"'~\bke\b~',"
keadaan,,,,"'~\bkeadaan\b~',"
kebetulan,,,,"'~\bkebetulan\b~',"
kecil,,,,"'~\bkecil\b~',"
kedua,,,,"'~\bkedua\b~',"
keduanya,,,,"'~\bkeduanya\b~',"
keinginan,,,,"'~\bkeinginan\b~',"
kelamaan,,,,"'~\bkelamaan\b~',"
kelihatan,,,,"'~\bkelihatan\b~',"
kelihatannya,,,,"'~\bkelihatannya\b~',"
kelima,,,,"'~\bkelima\b~',"
keluar,,,,"'~\bkeluar\b~',"
kembali,,,,"'~\bkembali\b~',"
kemudian,,,,"'~\bkemudian\b~',"
kemungkinan,,,,"'~\bkemungkinan\b~',"
kemungkinannya,,,,"'~\bkemungkinannya\b~',"
kenapa,,,,"'~\bkenapa\b~',"
kepada,,,,"'~\bkepada\b~',"
kepadanya,,,,"'~\bkepadanya\b~',"
kesampaian,,,,"'~\bkesampaian\b~',"
keseluruhan,,,,"'~\bkeseluruhan\b~',"
keseluruhannya,,,,"'~\bkeseluruhannya\b~',"
keterlaluan,,,,"'~\bketerlaluan\b~',"
ketika,,,,"'~\bketika\b~',"
khususnya,,,,"'~\bkhususnya\b~',"
kini,,,,"'~\bkini\b~',"
kinilah,,,,"'~\bkinilah\b~',"
kira,,,,"'~\bkira\b~',"
kira-kira,,,,"'~\bkira-kira\b~',"
kiranya,,,,"'~\bkiranya\b~',"
kita,,,,"'~\bkita\b~',"
kitalah,,,,"'~\bkitalah\b~',"
kok,,,,"'~\bkok\b~',"
kurang,,,,"'~\bkurang\b~',"
lagi,,,,"'~\blagi\b~',"
lagian,,,,"'~\blagian\b~',"
lah,,,,"'~\blah\b~',"
lain,,,,"'~\blain\b~',"
lainnya,,,,"'~\blainnya\b~',"
lalu,,,,"'~\blalu\b~',"
lama,,,,"'~\blama\b~',"
lamanya,,,,"'~\blamanya\b~',"
lanjut,,,,"'~\blanjut\b~',"
lanjutnya,,,,"'~\blanjutnya\b~',"
lebih,,,,"'~\blebih\b~',"
lewat,,,,"'~\blewat\b~',"
lima,,,,"'~\blima\b~',"
luar,,,,"'~\bluar\b~',"
macam,,,,"'~\bmacam\b~',"
maka,,,,"'~\bmaka\b~',"
makanya,,,,"'~\bmakanya\b~',"
makin,,,,"'~\bmakin\b~',"
malah,,,,"'~\bmalah\b~',"
malahan,,,,"'~\bmalahan\b~',"
mampu,,,,"'~\bmampu\b~',"
mampukah,,,,"'~\bmampukah\b~',"
mana,,,,"'~\bmana\b~',"
manakala,,,,"'~\bmanakala\b~',"
manalagi,,,,"'~\bmanalagi\b~',"
masa,,,,"'~\bmasa\b~',"
masalah,,,,"'~\bmasalah\b~',"
masalahnya,,,,"'~\bmasalahnya\b~',"
masih,,,,"'~\bmasih\b~',"
masihkah,,,,"'~\bmasihkah\b~',"
masing,,,,"'~\bmasing\b~',"
masing-masing,,,,"'~\bmasing-masing\b~',"
mau,,,,"'~\bmau\b~',"
maupun,,,,"'~\bmaupun\b~',"
melainkan,,,,"'~\bmelainkan\b~',"
melakukan,,,,"'~\bmelakukan\b~',"
melalui,,,,"'~\bmelalui\b~',"
melihat,,,,"'~\bmelihat\b~',"
melihatnya,,,,"'~\bmelihatnya\b~',"
memang,,,,"'~\bmemang\b~',"
memastikan,,,,"'~\bmemastikan\b~',"
memberi,,,,"'~\bmemberi\b~',"
memberikan,,,,"'~\bmemberikan\b~',"
membuat,,,,"'~\bmembuat\b~',"
memerlukan,,,,"'~\bmemerlukan\b~',"
memihak,,,,"'~\bmemihak\b~',"
meminta,,,,"'~\bmeminta\b~',"
memintakan,,,,"'~\bmemintakan\b~',"
memisalkan,,,,"'~\bmemisalkan\b~',"
memperbuat,,,,"'~\bmemperbuat\b~',"
mempergunakan,,,,"'~\bmempergunakan\b~',"
memperkirakan,,,,"'~\bmemperkirakan\b~',"
memperlihatkan,,,,"'~\bmemperlihatkan\b~',"
mempersiapkan,,,,"'~\bmempersiapkan\b~',"
mempersoalkan,,,,"'~\bmempersoalkan\b~',"
mempertanyakan,,,,"'~\bmempertanyakan\b~',"
mempunyai,,,,"'~\bmempunyai\b~',"
memulai,,,,"'~\bmemulai\b~',"
memungkinkan,,,,"'~\bmemungkinkan\b~',"
menaiki,,,,"'~\bmenaiki\b~',"
menambahkan,,,,"'~\bmenambahkan\b~',"
menandaskan,,,,"'~\bmenandaskan\b~',"
menanti,,,,"'~\bmenanti\b~',"
menanti-nanti,,,,"'~\bmenanti-nanti\b~',"
menantikan,,,,"'~\bmenantikan\b~',"
menanya,,,,"'~\bmenanya\b~',"
menanyai,,,,"'~\bmenanyai\b~',"
menanyakan,,,,"'~\bmenanyakan\b~',"
mendapat,,,,"'~\bmendapat\b~',"
mendapatkan,,,,"'~\bmendapatkan\b~',"
mendatang,,,,"'~\bmendatang\b~',"
mendatangi,,,,"'~\bmendatangi\b~',"
mendatangkan,,,,"'~\bmendatangkan\b~',"
menegaskan,,,,"'~\bmenegaskan\b~',"
mengakhiri,,,,"'~\bmengakhiri\b~',"
mengapa,,,,"'~\bmengapa\b~',"
mengatakan,,,,"'~\bmengatakan\b~',"
mengatakannya,,,,"'~\bmengatakannya\b~',"
mengenai,,,,"'~\bmengenai\b~',"
mengerjakan,,,,"'~\bmengerjakan\b~',"
mengetahui,,,,"'~\bmengetahui\b~',"
menggunakan,,,,"'~\bmenggunakan\b~',"
menghendaki,,,,"'~\bmenghendaki\b~',"
mengibaratkan,,,,"'~\bmengibaratkan\b~',"
mengibaratkannya,,,,"'~\bmengibaratkannya\b~',"
mengingat,,,,"'~\bmengingat\b~',"
mengingatkan,,,,"'~\bmengingatkan\b~',"
menginginkan,,,,"'~\bmenginginkan\b~',"
mengira,,,,"'~\bmengira\b~',"
mengucapkan,,,,"'~\bmengucapkan\b~',"
mengucapkannya,,,,"'~\bmengucapkannya\b~',"
mengungkapkan,,,,"'~\bmengungkapkan\b~',"
menjadi,,,,"'~\bmenjadi\b~',"
menjawab,,,,"'~\bmenjawab\b~',"
menjelaskan,,,,"'~\bmenjelaskan\b~',"
menuju,,,,"'~\bmenuju\b~',"
menunjuk,,,,"'~\bmenunjuk\b~',"
menunjuki,,,,"'~\bmenunjuki\b~',"
menunjukkan,,,,"'~\bmenunjukkan\b~',"
menunjuknya,,,,"'~\bmenunjuknya\b~',"
menurut,,,,"'~\bmenurut\b~',"
menuturkan,,,,"'~\bmenuturkan\b~',"
menyampaikan,,,,"'~\bmenyampaikan\b~',"
menyangkut,,,,"'~\bmenyangkut\b~',"
menyatakan,,,,"'~\bmenyatakan\b~',"
menyebutkan,,,,"'~\bmenyebutkan\b~',"
menyeluruh,,,,"'~\bmenyeluruh\b~',"
menyiapkan,,,,"'~\bmenyiapkan\b~',"
merasa,,,,"'~\bmerasa\b~',"
mereka,,,,"'~\bmereka\b~',"
merekalah,,,,"'~\bmerekalah\b~',"
merupakan,,,,"'~\bmerupakan\b~',"
meski,,,,"'~\bmeski\b~',"
meskipun,,,,"'~\bmeskipun\b~',"
meyakini,,,,"'~\bmeyakini\b~',"
meyakinkan,,,,"'~\bmeyakinkan\b~',"
minta,,,,"'~\bminta\b~',"
mirip,,,,"'~\bmirip\b~',"
misal,,,,"'~\bmisal\b~',"
misalkan,,,,"'~\bmisalkan\b~',"
misalnya,,,,"'~\bmisalnya\b~',"
mula,,,,"'~\bmula\b~',"
mulai,,,,"'~\bmulai\b~',"
mulailah,,,,"'~\bmulailah\b~',"
mulanya,,,,"'~\bmulanya\b~',"
mungkin,,,,"'~\bmungkin\b~',"
mungkinkah,,,,"'~\bmungkinkah\b~',"
nah,,,,"'~\bnah\b~',"
naik,,,,"'~\bnaik\b~',"
namun,,,,"'~\bnamun\b~',"
nanti,,,,"'~\bnanti\b~',"
nantinya,,,,"'~\bnantinya\b~',"
nyaris,,,,"'~\bnyaris\b~',"
nyatanya,,,,"'~\bnyatanya\b~',"
oleh,,,,"'~\boleh\b~',"
olehnya,,,,"'~\bolehnya\b~',"
pada,,,,"'~\bpada\b~',"
padahal,,,,"'~\bpadahal\b~',"
padanya,,,,"'~\bpadanya\b~',"
pak,,,,"'~\bpak\b~',"
paling,,,,"'~\bpaling\b~',"
panjang,,,,"'~\bpanjang\b~',"
pantas,,,,"'~\bpantas\b~',"
para,,,,"'~\bpara\b~',"
pasti,,,,"'~\bpasti\b~',"
pastilah,,,,"'~\bpastilah\b~',"
penting,,,,"'~\bpenting\b~',"
pentingnya,,,,"'~\bpentingnya\b~',"
per,,,,"'~\bper\b~',"
percuma,,,,"'~\bpercuma\b~',"
perlu,,,,"'~\bperlu\b~',"
perlukah,,,,"'~\bperlukah\b~',"
perlunya,,,,"'~\bperlunya\b~',"
pernah,,,,"'~\bpernah\b~',"
persoalan,,,,"'~\bpersoalan\b~',"
pertama,,,,"'~\bpertama\b~',"
pertama-tama,,,,"'~\bpertama-tama\b~',"
pertanyaan,,,,"'~\bpertanyaan\b~',"
pertanyakan,,,,"'~\bpertanyakan\b~',"
pihak,,,,"'~\bpihak\b~',"
pihaknya,,,,"'~\bpihaknya\b~',"
pukul,,,,"'~\bpukul\b~',"
pula,,,,"'~\bpula\b~',"
pun,,,,"'~\bpun\b~',"
punya,,,,"'~\bpunya\b~',"
rasa,,,,"'~\brasa\b~',"
rasanya,,,,"'~\brasanya\b~',"
rata,,,,"'~\brata\b~',"
rupanya,,,,"'~\brupanya\b~',"
saat,,,,"'~\bsaat\b~',"
saatnya,,,,"'~\bsaatnya\b~',"
saja,,,,"'~\bsaja\b~',"
sajalah,,,,"'~\bsajalah\b~',"
saling,,,,"'~\bsaling\b~',"
sama,,,,"'~\bsama\b~',"
sama-sama,,,,"'~\bsama-sama\b~',"
sambil,,,,"'~\bsambil\b~',"
sampai,,,,"'~\bsampai\b~',"
sampai-sampai,,,,"'~\bsampai-sampai\b~',"
sampaikan,,,,"'~\bsampaikan\b~',"
sana,,,,"'~\bsana\b~',"
sangat,,,,"'~\bsangat\b~',"
sangatlah,,,,"'~\bsangatlah\b~',"
satu,,,,"'~\bsatu\b~',"
saya,,,,"'~\bsaya\b~',"
sayalah,,,,"'~\bsayalah\b~',"
se,,,,"'~\bse\b~',"
sebab,,,,"'~\bsebab\b~',"
sebabnya,,,,"'~\bsebabnya\b~',"
sebagai,,,,"'~\bsebagai\b~',"
sebagaimana,,,,"'~\bsebagaimana\b~',"
sebagainya,,,,"'~\bsebagainya\b~',"
sebagian,,,,"'~\bsebagian\b~',"
sebaik,,,,"'~\bsebaik\b~',"
sebaik-baiknya,,,,"'~\bsebaik-baiknya\b~',"
sebaiknya,,,,"'~\bsebaiknya\b~',"
sebaliknya,,,,"'~\bsebaliknya\b~',"
sebanyak,,,,"'~\bsebanyak\b~',"
sebegini,,,,"'~\bsebegini\b~',"
sebegitu,,,,"'~\bsebegitu\b~',"
sebelum,,,,"'~\bsebelum\b~',"
sebelumnya,,,,"'~\bsebelumnya\b~',"
sebenarnya,,,,"'~\bsebenarnya\b~',"
seberapa,,,,"'~\bseberapa\b~',"
sebesar,,,,"'~\bsebesar\b~',"
sebetulnya,,,,"'~\bsebetulnya\b~',"
sebisanya,,,,"'~\bsebisanya\b~',"
sebuah,,,,"'~\bsebuah\b~',"
sebut,,,,"'~\bsebut\b~',"
sebutlah,,,,"'~\bsebutlah\b~',"
sebutnya,,,,"'~\bsebutnya\b~',"
secara,,,,"'~\bsecara\b~',"
secukupnya,,,,"'~\bsecukupnya\b~',"
sedang,,,,"'~\bsedang\b~',"
sedangkan,,,,"'~\bsedangkan\b~',"
sedemikian,,,,"'~\bsedemikian\b~',"
sedikit,,,,"'~\bsedikit\b~',"
sedikitnya,,,,"'~\bsedikitnya\b~',"
seenaknya,,,,"'~\bseenaknya\b~',"
segala,,,,"'~\bsegala\b~',"
segalanya,,,,"'~\bsegalanya\b~',"
segera,,,,"'~\bsegera\b~',"
seharusnya,,,,"'~\bseharusnya\b~',"
sehingga,,,,"'~\bsehingga\b~',"
seingat,,,,"'~\bseingat\b~',"
sejak,,,,"'~\bsejak\b~',"
sejauh,,,,"'~\bsejauh\b~',"
sejenak,,,,"'~\bsejenak\b~',"
sejumlah,,,,"'~\bsejumlah\b~',"
sekadar,,,,"'~\bsekadar\b~',"
sekadarnya,,,,"'~\bsekadarnya\b~',"
sekali,,,,"'~\bsekali\b~',"
sekali-kali,,,,"'~\bsekali-kali\b~',"
sekalian,,,,"'~\bsekalian\b~',"
sekaligus,,,,"'~\bsekaligus\b~',"
sekalipun,,,,"'~\bsekalipun\b~',"
sekarang,,,,"'~\bsekarang\b~',"
sekarang,,,,"'~\bsekarang\b~',"
sekecil,,,,"'~\bsekecil\b~',"
seketika,,,,"'~\bseketika\b~',"
sekiranya,,,,"'~\bsekiranya\b~',"
sekitar,,,,"'~\bsekitar\b~',"
sekitarnya,,,,"'~\bsekitarnya\b~',"
sekurang-kurangnya,,,,"'~\bsekurang-kurangnya\b~',"
sekurangnya,,,,"'~\bsekurangnya\b~',"
sela,,,,"'~\bsela\b~',"
selain,,,,"'~\bselain\b~',"
selaku,,,,"'~\bselaku\b~',"
selalu,,,,"'~\bselalu\b~',"
selama,,,,"'~\bselama\b~',"
selama-lamanya,,,,"'~\bselama-lamanya\b~',"
selamanya,,,,"'~\bselamanya\b~',"
selanjutnya,,,,"'~\bselanjutnya\b~',"
seluruh,,,,"'~\bseluruh\b~',"
seluruhnya,,,,"'~\bseluruhnya\b~',"
semacam,,,,"'~\bsemacam\b~',"
semakin,,,,"'~\bsemakin\b~',"
semampu,,,,"'~\bsemampu\b~',"
semampunya,,,,"'~\bsemampunya\b~',"
semasa,,,,"'~\bsemasa\b~',"
semasih,,,,"'~\bsemasih\b~',"
semata,,,,"'~\bsemata\b~',"
semata-mata,,,,"'~\bsemata-mata\b~',"
semaunya,,,,"'~\bsemaunya\b~',"
sementara,,,,"'~\bsementara\b~',"
semisal,,,,"'~\bsemisal\b~',"
semisalnya,,,,"'~\bsemisalnya\b~',"
sempat,,,,"'~\bsempat\b~',"
semua,,,,"'~\bsemua\b~',"
semuanya,,,,"'~\bsemuanya\b~',"
semula,,,,"'~\bsemula\b~',"
sendiri,,,,"'~\bsendiri\b~',"
sendirian,,,,"'~\bsendirian\b~',"
sendirinya,,,,"'~\bsendirinya\b~',"
seolah,,,,"'~\bseolah\b~',"
seolah-olah,,,,"'~\bseolah-olah\b~',"
seorang,,,,"'~\bseorang\b~',"
sepanjang,,,,"'~\bsepanjang\b~',"
sepantasnya,,,,"'~\bsepantasnya\b~',"
sepantasnyalah,,,,"'~\bsepantasnyalah\b~',"
seperlunya,,,,"'~\bseperlunya\b~',"
seperti,,,,"'~\bseperti\b~',"
sepertinya,,,,"'~\bsepertinya\b~',"
sepihak,,,,"'~\bsepihak\b~',"
sering,,,,"'~\bsering\b~',"
seringnya,,,,"'~\bseringnya\b~',"
serta,,,,"'~\bserta\b~',"
serupa,,,,"'~\bserupa\b~',"
sesaat,,,,"'~\bsesaat\b~',"
sesama,,,,"'~\bsesama\b~',"
sesampai,,,,"'~\bsesampai\b~',"
sesegera,,,,"'~\bsesegera\b~',"
sesekali,,,,"'~\bsesekali\b~',"
seseorang,,,,"'~\bseseorang\b~',"
sesuatu,,,,"'~\bsesuatu\b~',"
sesuatunya,,,,"'~\bsesuatunya\b~',"
sesudah,,,,"'~\bsesudah\b~',"
sesudahnya,,,,"'~\bsesudahnya\b~',"
setelah,,,,"'~\bsetelah\b~',"
setempat,,,,"'~\bsetempat\b~',"
setengah,,,,"'~\bsetengah\b~',"
seterusnya,,,,"'~\bseterusnya\b~',"
setiap,,,,"'~\bsetiap\b~',"
setiba,,,,"'~\bsetiba\b~',"
setibanya,,,,"'~\bsetibanya\b~',"
setidak-tidaknya,,,,"'~\bsetidak-tidaknya\b~',"
setidaknya,,,,"'~\bsetidaknya\b~',"
setinggi,,,,"'~\bsetinggi\b~',"
seusai,,,,"'~\bseusai\b~',"
sewaktu,,,,"'~\bsewaktu\b~',"
siap,,,,"'~\bsiap\b~',"
siapa,,,,"'~\bsiapa\b~',"
siapakah,,,,"'~\bsiapakah\b~',"
siapapun,,,,"'~\bsiapapun\b~',"
sini,,,,"'~\bsini\b~',"
sinilah,,,,"'~\bsinilah\b~',"
soal,,,,"'~\bsoal\b~',"
soalnya,,,,"'~\bsoalnya\b~',"
suatu,,,,"'~\bsuatu\b~',"
sudah,,,,"'~\bsudah\b~',"
sudahkah,,,,"'~\bsudahkah\b~',"
sudahlah,,,,"'~\bsudahlah\b~',"
supaya,,,,"'~\bsupaya\b~',"
tadi,,,,"'~\btadi\b~',"
tadinya,,,,"'~\btadinya\b~',"
tahu,,,,"'~\btahu\b~',"
tahun,,,,"'~\btahun\b~',"
tak,,,,"'~\btak\b~',"
tambah,,,,"'~\btambah\b~',"
tambahnya,,,,"'~\btambahnya\b~',"
tampak,,,,"'~\btampak\b~',"
tampaknya,,,,"'~\btampaknya\b~',"
tandas,,,,"'~\btandas\b~',"
tandasnya,,,,"'~\btandasnya\b~',"
tanpa,,,,"'~\btanpa\b~',"
tanya,,,,"'~\btanya\b~',"
tanyakan,,,,"'~\btanyakan\b~',"
tanyanya,,,,"'~\btanyanya\b~',"
tapi,,,,"'~\btapi\b~',"
tegas,,,,"'~\btegas\b~',"
tegasnya,,,,"'~\btegasnya\b~',"
telah,,,,"'~\btelah\b~',"
tempat,,,,"'~\btempat\b~',"
tengah,,,,"'~\btengah\b~',"
tentang,,,,"'~\btentang\b~',"
tentu,,,,"'~\btentu\b~',"
tentulah,,,,"'~\btentulah\b~',"
tentunya,,,,"'~\btentunya\b~',"
tepat,,,,"'~\btepat\b~',"
terakhir,,,,"'~\bterakhir\b~',"
terasa,,,,"'~\bterasa\b~',"
terbanyak,,,,"'~\bterbanyak\b~',"
terdahulu,,,,"'~\bterdahulu\b~',"
terdapat,,,,"'~\bterdapat\b~',"
terdiri,,,,"'~\bterdiri\b~',"
terhadap,,,,"'~\bterhadap\b~',"
terhadapnya,,,,"'~\bterhadapnya\b~',"
teringat,,,,"'~\bteringat\b~',"
teringat-ingat,,,,"'~\bteringat-ingat\b~',"
terjadi,,,,"'~\bterjadi\b~',"
terjadilah,,,,"'~\bterjadilah\b~',"
terjadinya,,,,"'~\bterjadinya\b~',"
terkira,,,,"'~\bterkira\b~',"
terlalu,,,,"'~\bterlalu\b~',"
terlebih,,,,"'~\bterlebih\b~',"
terlihat,,,,"'~\bterlihat\b~',"
termasuk,,,,"'~\btermasuk\b~',"
ternyata,,,,"'~\bternyata\b~',"
tersampaikan,,,,"'~\btersampaikan\b~',"
tersebut,,,,"'~\btersebut\b~',"
tersebutlah,,,,"'~\btersebutlah\b~',"
tertentu,,,,"'~\btertentu\b~',"
tertuju,,,,"'~\btertuju\b~',"
terus,,,,"'~\bterus\b~',"
terutama,,,,"'~\bterutama\b~',"
tetap,,,,"'~\btetap\b~',"
tetapi,,,,"'~\btetapi\b~',"
tiap,,,,"'~\btiap\b~',"
tiba,,,,"'~\btiba\b~',"
tiba-tiba,,,,"'~\btiba-tiba\b~',"
tidak,,,,"'~\btidak\b~',"
tidakkah,,,,"'~\btidakkah\b~',"
tidaklah,,,,"'~\btidaklah\b~',"
tiga,,,,"'~\btiga\b~',"
tinggi,,,,"'~\btinggi\b~',"
toh,,,,"'~\btoh\b~',"
tunjuk,,,,"'~\btunjuk\b~',"
turut,,,,"'~\bturut\b~',"
tutur,,,,"'~\btutur\b~',"
tuturnya,,,,"'~\btuturnya\b~',"
ucap,,,,"'~\bucap\b~',"
ucapnya,,,,"'~\bucapnya\b~',"
ujar,,,,"'~\bujar\b~',"
ujarnya,,,,"'~\bujarnya\b~',"
umum,,,,"'~\bumum\b~',"
umumnya,,,,"'~\bumumnya\b~',"
ungkap,,,,"'~\bungkap\b~',"
ungkapnya,,,,"'~\bungkapnya\b~',"
untuk,,,,"'~\buntuk\b~',"
usah,,,,"'~\busah\b~',"
usai,,,,"'~\busai\b~',"
waduh,,,,"'~\bwaduh\b~',"
wah,,,,"'~\bwah\b~',"
wahai,,,,"'~\bwahai\b~',"
waktu,,,,"'~\bwaktu\b~',"
waktunya,,,,"'~\bwaktunya\b~',"
walau,,,,"'~\bwalau\b~',"
walaupun,,,,"'~\bwalaupun\b~',"
wong,,,,"'~\bwong\b~',"
yaitu,,,,"'~\byaitu\b~',"
yakin,,,,"'~\byakin\b~',"
yakni,,,,"'~\byakni\b~',"
yang,,,,"'~\byang\b~',"
